ts_utc,strategy_return__mean_reversion_v1,strategy_return__momentum_v1,weight__mean_reversion_v1,weight__momentum_v1,gross_portfolio_return,portfolio_weight_change,portfolio_abs_weight_change,portfolio_turnover,portfolio_rebalance_event,portfolio_changed_sleeve_count,portfolio_transaction_cost,portfolio_fixed_fee,portfolio_slippage_proxy,portfolio_slippage_cost,portfolio_execution_friction,net_portfolio_return,portfolio_return
2025-01-02T05:00:00Z,0.0,0.0,0.5,0.5,0.0,1.0,1.0,1.0,1,2.0,0.0,0.0,0.0,0.0,0.0,0.0,0.0
2025-01-03T05:00:00Z,0.0,0.0,0.5,0.5,0.0,0.0,0.0,0.0,0,0.0,0.0,0.0,0.0,0.0,0.0,0.0,0.0
2025-01-06T05:00:00Z,0.0,0.0,0.5,0.5,0.0,0.0,0.0,0.0,0,0.0,0.0,0.0,0.0,0.0,0.0,0.0,0.0
2025-01-07T05:00:00Z,0.0,0.0,0.5,0.5,0.0,0.0,0.0,0.0,0,0.0,0.0,0.0,0.0,0.0,0.0,0.0,0.0
2025-01-08T05:00:00Z,0.0,0.0,0.5,0.5,0.0,0.0,0.0,0.0,0,0.0,0.0,0.0,0.0,0.0,0.0,0.0,0.0
2025-01-10T05:00:00Z,0.0,0.0,0.5,0.5,0.0,0.0,0.0,0.0,0,0.0,0.0,0.0,0.0,0.0,0.0,0.0,0.0
2025-01-13T05:00:00Z,0.0,0.0,0.5,0.5,0.0,0.0,0.0,0.0,0,0.0,0.0,0.0,0.0,0.0,0.0,0.0,0.0
2025-01-14T05:00:00Z,0.0,0.0,0.5,0.5,0.0,0.0,0.0,0.0,0,0.0,0.0,0.0,0.0,0.0,0.0,0.0,0.0
2025-01-15T05:00:00Z,0.0,0.0,0.5,0.5,0.0,0.0,0.0,0.0,0,0.0,0.0,0.0,0.0,0.0,0.0,0.0,0.0
2025-01-16T05:00:00Z,0.0,0.0,0.5,0.5,0.0,0.0,0.0,0.0,0,0.0,0.0,0.0,0.0,0.0,0.0,0.0,0.0
2025-01-17T05:00:00Z,0.0,0.0,0.5,0.5,0.0,0.0,0.0,0.0,0,0.0,0.0,0.0,0.0,0.0,0.0,0.0,0.0
2025-01-21T05:00:00Z,0.0,0.0,0.5,0.5,0.0,0.0,0.0,0.0,0,0.0,0.0,0.0,0.0,0.0,0.0,0.0,0.0
2025-01-22T05:00:00Z,0.0,0.0,0.5,0.5,0.0,0.0,0.0,0.0,0,0.0,0.0,0.0,0.0,0.0,0.0,0.0,0.0
2025-01-23T05:00:00Z,0.0,0.0,0.5,0.5,0.0,0.0,0.0,0.0,0,0.0,0.0,0.0,0.0,0.0,0.0,0.0,0.0
2025-01-24T05:00:00Z,0.0,0.0,0.5,0.5,0.0,0.0,0.0,0.0,0,0.0,0.0,0.0,0.0,0.0,0.0,0.0,0.0
2025-01-27T05:00:00Z,0.0,0.0,0.5,0.5,0.0,0.0,0.0,0.0,0,0.0,0.0,0.0,0.0,0.0,0.0,0.0,0.0
2025-01-28T05:00:00Z,0.0,0.0,0.5,0.5,0.0,0.0,0.0,0.0,0,0.0,0.0,0.0,0.0,0.0,0.0,0.0,0.0
2025-01-29T05:00:00Z,0.0,0.0,0.5,0.5,0.0,0.0,0.0,0.0,0,0.0,0.0,0.0,0.0,0.0,0.0,0.0,0.0
2025-01-30T05:00:00Z,0.0,0.0,0.5,0.5,0.0,0.0,0.0,0.0,0,0.0,0.0,0.0,0.0,0.0,0.0,0.0,0.0
2025-01-31T05:00:00Z,0.0,0.0,0.5,0.5,0.0,0.0,0.0,0.0,0,0.0,0.0,0.0,0.0,0.0,0.0,0.0,0.0
2025-02-03T05:00:00Z,-0.0031439686135933996,0.007434920432233402,0.5,0.5,0.0021454759093200012,0.0,0.0,0.0,0,0.0,0.0,0.0,0.005289444522913401,0.0,0.0,0.0021454759093200012,0.0021454759093200012
2025-02-04T05:00:00Z,0.0010938782296701002,0.0002918421202462,0.5,0.5,0.0006928601749581501,0.0,0.0,0.0,0,0.0,0.0,0.0,0.0006928601749581501,0.0,0.0,0.0006928601749581501,0.0006928601749581501
2025-02-05T05:00:00Z,0.0020447243790341,-0.0030715244880369997,0.5,0.5,-0.0005134000545014498,0.0,0.0,0.0,0,0.0,0.0,0.0,0.0025581244335355496,0.0,0.0,-0.0005134000545014498,-0.0005134000545014498
2025-02-06T05:00:00Z,-0.0023434791967883,-0.0004413734074812,0.5,0.5,-0.00139242630213475,0.0,0.0,0.0,0,0.0,0.0,0.0,0.00139242630213475,0.0,0.0,-0.00139242630213475,-0.00139242630213475
2025-02-07T05:00:00Z,-0.0015842370305088,0.004397488223533801,0.5,0.5,0.0014066255965125003,0.0,0.0,0.0,0,0.0,0.0,0.0,0.0029908626270213003,0.0,0.0,0.0014066255965125003,0.0014066255965125003
2025-02-10T05:00:00Z,0.0009331860586646001,0.0004291944304472,0.5,0.5,0.0006811902445559001,0.0,0.0,0.0,0,0.0,0.0,0.0,0.0006811902445559001,0.0,0.0,0.0006811902445559001,0.0006811902445559001
2025-02-11T05:00:00Z,-0.0021781440760419994,0.0036925891387197,0.5,0.5,0.0007572225313388502,0.0,0.0,0.0,0,0.0,0.0,0.0,0.0029353666073808496,0.0,0.0,0.0007572225313388502,0.0007572225313388502
2025-02-12T05:00:00Z,-0.002062491243928,0.0009494472621692999,0.5,0.5,-0.00055652199087935,0.0,0.0,0.0,0,0.0,0.0,0.0,0.00150596925304865,0.0,0.0,-0.00055652199087935,-0.00055652199087935
2025-02-13T05:00:00Z,-0.0011389796548823999,-0.0009204780646292999,0.5,0.5,-0.00102972885975585,0.0,0.0,0.0,0,0.0,0.0,0.0,0.00102972885975585,0.0,0.0,-0.00102972885975585,-0.00102972885975585
2025-02-14T05:00:00Z,-0.00027082960907440006,-1.772277614806583e-05,0.5,0.5,-0.00014427619261123294,0.0,0.0,0.0,0,0.0,0.0,0.0,0.00014427619261123294,0.0,0.0,-0.00014427619261123294,-0.00014427619261123294
2025-02-18T05:00:00Z,-0.0028962146215207995,0.0052883762227563,0.5,0.5,0.0011960808006177505,0.0,0.0,0.0,0,0.0,0.0,0.0,0.00409229542213855,0.0,0.0,0.0011960808006177505,0.0011960808006177505
2025-02-19T05:00:00Z,0.0031192124841953,-2.5495102620767267e-05,0.5,0.5,0.0015468586907872663,0.0,0.0,0.0,0,0.0,0.0,0.0,0.0015723537934080336,0.0,0.0,0.0015468586907872663,0.0015468586907872663
2025-02-20T05:00:00Z,0.0047877375581066,-0.0012275938438363,0.5,0.5,0.00178007185713515,0.0,0.0,0.0,0,0.0,0.0,0.0,0.0030076657009714502,0.0,0.0,0.00178007185713515,0.00178007185713515
2025-02-21T05:00:00Z,-0.0025814040822833,0.0006601986658463,0.5,0.5,-0.0009606027082185001,0.0,0.0,0.0,0,0.0,0.0,0.0,0.0016208013740648002,0.0,0.0,-0.0009606027082185001,-0.0009606027082185001
2025-02-24T05:00:00Z,-0.0014044026658134002,0.0024273625347667003,0.5,0.5,0.00051147993447665,0.0,0.0,0.0,0,0.0,0.0,0.0,0.0019158826002900501,0.0,0.0,0.00051147993447665,0.00051147993447665
2025-02-25T05:00:00Z,-0.004085570943377699,0.005265419208241498,0.5,0.5,0.0005899241324318996,0.0,0.0,0.0,0,0.0,0.0,0.0,0.004675495075809598,0.0,0.0,0.0005899241324318996,0.0005899241324318996
2025-02-26T05:00:00Z,0.0039051698504329003,-0.0029405973849451,0.5,0.5,0.00048228623274390006,0.0,0.0,0.0,0,0.0,0.0,0.0,0.0034228836176890005,0.0,0.0,0.00048228623274390006,0.00048228623274390006
2025-02-27T05:00:00Z,-0.0052347479711634,0.007752437317050499,0.5,0.5,0.0012588446729435493,0.0,0.0,0.0,0,0.0,0.0,0.0,0.0064935926441069495,0.0,0.0,0.0012588446729435493,0.0012588446729435493
2025-02-28T05:00:00Z,0.0063369134327177,-0.0087819208163758,0.5,0.5,-0.0012225036918290504,0.0,0.0,0.0,0,0.0,0.0,0.0,0.00755941712454675,0.0,0.0,-0.0012225036918290504,-0.0012225036918290504
2025-03-03T05:00:00Z,-0.006948159472215999,-0.0014422672792937,0.5,0.5,-0.00419521337575485,0.0,0.0,0.0,0,0.0,0.0,0.0,0.00419521337575485,0.0,0.0,-0.00419521337575485,-0.00419521337575485
2025-03-04T05:00:00Z,-0.004436233429028499,-0.0017633486852357,0.5,0.5,-0.0030997910571320996,0.0,0.0,0.0,0,0.0,0.0,0.0,0.0030997910571320996,0.0,0.0,-0.0030997910571320996,-0.0030997910571320996
2025-03-05T05:00:00Z,0.007103301197907099,-0.0062473781671955,0.5,0.5,0.0004279615153557994,0.0,0.0,0.0,0,0.0,0.0,0.0,0.006675339682551299,0.0,0.0,0.0004279615153557994,0.0004279615153557994
2025-03-06T05:00:00Z,-0.0120744141562509,0.0039918086947032,0.5,0.5,-0.0040413027307738495,0.0,0.0,0.0,0,0.0,0.0,0.0,0.00803311142547705,0.0,0.0,-0.0040413027307738495,-0.0040413027307738495
2025-03-07T05:00:00Z,0.0020355501839303997,-0.0024537116985554,0.5,0.5,-0.0002090807573125002,0.0,0.0,0.0,0,0.0,0.0,0.0,0.0022446309412428997,0.0,0.0,-0.0002090807573125002,-0.0002090807573125002
2025-03-10T04:00:00Z,-0.018669321328709496,0.0123352140830354,0.5,0.5,-0.003167053622837048,0.0,0.0,0.0,0,0.0,0.0,0.0,0.015502267705872447,0.0,0.0,-0.003167053622837048,-0.003167053622837048
2025-03-11T04:00:00Z,0.0018323416885783004,0.0019544479175468994,0.5,0.5,0.0018933948030626,0.0,0.0,0.0,0,0.0,0.0,0.0,0.0018933948030626,0.0,0.0,0.0018933948030626,0.0018933948030626
2025-03-12T04:00:00Z,0.0077514723874442006,-0.0040993200760289,0.5,0.5,0.0018260761557076502,0.0,0.0,0.0,0,0.0,0.0,0.0,0.00592539623173655,0.0,0.0,0.0018260761557076502,0.0018260761557076502
2025-03-13T04:00:00Z,-0.0090273681829965,0.0091880951023923,0.5,0.5,8.03634596978995e-05,0.0,0.0,0.0,0,0.0,0.0,0.0,0.0091077316426944,0.0,0.0,8.03634596978995e-05,8.03634596978995e-05
2025-03-14T04:00:00Z,0.0132030713873047,-0.0011944316571604,0.5,0.5,0.00600431986507215,0.0,0.0,0.0,0,0.0,0.0,0.0,0.00719875152223255,0.0,0.0,0.00600431986507215,0.00600431986507215
2025-03-17T04:00:00Z,0.005480393374529201,2.827758557681248e-05,0.5,0.5,0.002754335480053007,0.0,0.0,0.0,0,0.0,0.0,0.0,0.002754335480053007,0.0,0.0,0.002754335480053007,0.002754335480053007
2025-03-18T04:00:00Z,-0.0055821638551487,-0.0031508976054585,0.5,0.5,-0.0043665307303036,0.0,0.0,0.0,0,0.0,0.0,0.0,0.0043665307303036,0.0,0.0,-0.0043665307303036,-0.0043665307303036
2025-03-19T04:00:00Z,0.0041692559323484,0.0099178097812603,0.5,0.5,0.00704353285680435,0.0,0.0,0.0,0,0.0,0.0,0.0,0.00704353285680435,0.0,0.0,0.00704353285680435,0.00704353285680435
2025-03-20T04:00:00Z,-0.0009688215115808998,-0.0018744054348714995,0.5,0.5,-0.0014216134732261997,0.0,0.0,0.0,0,0.0,0.0,0.0,0.0014216134732261997,0.0,0.0,-0.0014216134732261997,-0.0014216134732261997
2025-03-21T04:00:00Z,0.0002040402891303,0.0015429258239327997,0.5,0.5,0.0008734830565315498,0.0,0.0,0.0,0,0.0,0.0,0.0,0.0008734830565315498,0.0,0.0,0.0008734830565315498,0.0008734830565315498
2025-03-24T04:00:00Z,-0.00041107703715440003,0.0146063106678281,0.5,0.5,0.007097616815336849,0.0,0.0,0.0,0,0.0,0.0,0.0,0.00750869385249125,0.0,0.0,0.007097616815336849,0.007097616815336849
2025-03-25T04:00:00Z,-0.0010532314467434998,0.004604203039418399,0.5,0.5,0.0017754857963374498,0.0,0.0,0.0,0,0.0,0.0,0.0,0.0028287172430809496,0.0,0.0,0.0017754857963374498,0.0017754857963374498
2025-03-26T04:00:00Z,0.0038534060360983003,-0.008920141208133002,0.5,0.5,-0.002533367586017351,0.0,0.0,0.0,0,0.0,0.0,0.0,0.006386773622115651,0.0,0.0,-0.002533367586017351,-0.002533367586017351
2025-03-27T04:00:00Z,0.0002904587207442,-0.0021916577451182,0.5,0.5,-0.000950599512187,0.0,0.0,0.0,0,0.0,0.0,0.0,0.0012410582329312,0.0,0.0,-0.000950599512187,-0.000950599512187
2025-03-28T04:00:00Z,-0.0009379929343521002,-0.011454971315563198,0.5,0.5,-0.006196482124957649,0.0,0.0,0.0,0,0.0,0.0,0.0,0.006196482124957649,0.0,0.0,-0.006196482124957649,-0.006196482124957649
2025-03-31T04:00:00Z,-0.0003097579416691,0.0031396388803308006,0.5,0.5,0.0014149404693308504,0.0,0.0,0.0,0,0.0,0.0,0.0,0.0017246984109999502,0.0,0.0,0.0014149404693308504,0.0014149404693308504
2025-04-01T04:00:00Z,0.0013613102276062003,-0.0029643993443406,0.5,0.5,-0.0008015445583671998,0.0,0.0,0.0,0,0.0,0.0,0.0,0.0021628547859734,0.0,0.0,-0.0008015445583671998,-0.0008015445583671998
2025-04-02T04:00:00Z,0.0026711943842757002,-0.0047000437896941,0.5,0.5,-0.0010144247027092,0.0,0.0,0.0,0,0.0,0.0,0.0,0.0036856190869849004,0.0,0.0,-0.0010144247027092,-0.0010144247027092
2025-04-03T04:00:00Z,-0.0001341581080143,0.019695629703498904,0.5,0.5,0.009780735797742302,0.0,0.0,0.0,0,0.0,0.0,0.0,0.009914893905756603,0.0,0.0,0.009780735797742302,0.009780735797742302
2025-04-04T04:00:00Z,-0.0389130375840012,0.04528429404193031,0.5,0.5,0.003185628228964555,0.0,0.0,0.0,0,0.0,0.0,0.0,0.04209866581296576,0.0,0.0,0.003185628228964555,0.003185628228964555
2025-04-07T04:00:00Z,-0.0039185275997001,0.0037814245474888,0.5,0.5,-6.855152610564996e-05,0.0,0.0,0.0,0,0.0,0.0,0.0,0.00384997607359445,0.0,0.0,-6.855152610564996e-05,-6.855152610564996e-05
2025-04-08T04:00:00Z,-0.0168892518850608,0.015750433301846504,0.5,0.5,-0.000569409291607148,0.0,0.0,0.0,0,0.0,0.0,0.0,0.016319842593453652,0.0,0.0,-0.000569409291607148,-0.000569409291607148
2025-04-09T04:00:00Z,0.09036221032358382,-0.0914167943228462,0.5,0.5,-0.0005272919996311895,0.0,0.0,0.0,0,0.0,0.0,0.0,0.09088950232321502,0.0,0.0,-0.0005272919996311895,-0.0005272919996311895
2025-04-10T04:00:00Z,-0.0121374853216656,0.028847966653021098,0.5,0.5,0.008355240665677749,0.0,0.0,0.0,0,0.0,0.0,0.0,0.02049272598734335,0.0,0.0,0.008355240665677749,0.008355240665677749
2025-04-11T04:00:00Z,0.0077489017353784,-0.0042008812281512,0.5,0.5,0.0017740102536136,0.0,0.0,0.0,0,0.0,0.0,0.0,0.0059748914817648,0.0,0.0,0.0017740102536136,0.0017740102536136
2025-04-14T04:00:00Z,0.0047910194519982,0.0063882385671845,0.5,0.5,0.00558962900959135,0.0,0.0,0.0,0,0.0,0.0,0.0,0.00558962900959135,0.0,0.0,0.00558962900959135,0.00558962900959135
2025-04-15T04:00:00Z,-0.0005286352663886,-0.0030988846486043,0.5,0.5,-0.00181375995749645,0.0,0.0,0.0,0,0.0,0.0,0.0,0.00181375995749645,0.0,0.0,-0.00181375995749645,-0.00181375995749645
2025-04-16T04:00:00Z,-0.0037622057435023,-0.0198445611341911,0.5,0.5,-0.0118033834388467,0.0,0.0,0.0,0,0.0,0.0,0.0,0.0118033834388467,0.0,0.0,-0.0118033834388467,-0.0118033834388467
2025-04-17T04:00:00Z,0.011171360606273502,0.0039472147968543,0.5,0.5,0.0075592877015639,0.0,0.0,0.0,0,0.0,0.0,0.0,0.0075592877015639,0.0,0.0,0.0075592877015639,0.0075592877015639
2025-04-21T04:00:00Z,-0.0032240570175858,-0.006907386261448501,0.5,0.5,-0.00506572163951715,0.0,0.0,0.0,0,0.0,0.0,0.0,0.00506572163951715,0.0,0.0,-0.00506572163951715,-0.00506572163951715
2025-04-22T04:00:00Z,0.007716252332105898,0.004933999470382599,0.5,0.5,0.0063251259012442485,0.0,0.0,0.0,0,0.0,0.0,0.0,0.0063251259012442485,0.0,0.0,0.0063251259012442485,0.0063251259012442485
2025-04-23T04:00:00Z,0.0027708509791961994,-0.0022099045452012005,0.5,0.5,0.00028047321699749945,0.0,0.0,0.0,0,0.0,0.0,0.0,0.0024903777621987,0.0,0.0,0.00028047321699749945,0.00028047321699749945
2025-04-24T04:00:00Z,-0.0013512137753014998,0.0132479414432437,0.5,0.5,0.0059483638339710996,0.0,0.0,0.0,0,0.0,0.0,0.0,0.0072995776092726,0.0,0.0,0.0059483638339710996,0.0059483638339710996
2025-04-25T04:00:00Z,-0.0018799429967816996,0.0054208527778048,0.5,0.5,0.0017704548905115502,0.0,0.0,0.0,0,0.0,0.0,0.0,0.00365039788729325,0.0,0.0,0.0017704548905115502,0.0017704548905115502
2025-04-28T04:00:00Z,-0.00040908920364909993,0.0016413676924068002,0.5,0.5,0.0006161392443788502,0.0,0.0,0.0,0,0.0,0.0,0.0,0.00102522844802795,0.0,0.0,0.0006161392443788502,0.0006161392443788502
2025-04-29T04:00:00Z,-0.001645865137392,0.0057907466893893,0.5,0.5,0.00207244077599865,0.0,0.0,0.0,0,0.0,0.0,0.0,0.0037183059133906503,0.0,0.0,0.00207244077599865,0.00207244077599865
2025-04-30T04:00:00Z,-0.000253812332151,-0.0036749977916423,0.5,0.5,-0.00196440506189665,0.0,0.0,0.0,0,0.0,0.0,0.0,0.00196440506189665,0.0,0.0,-0.00196440506189665,-0.00196440506189665
2025-05-01T04:00:00Z,-0.000573769676265,0.005152395501845499,0.5,0.5,0.0022893129127902496,0.0,0.0,0.0,0,0.0,0.0,0.0,0.0028630825890552493,0.0,0.0,0.0022893129127902496,0.0022893129127902496
2025-05-02T04:00:00Z,-0.0120900544374244,0.012758911522999301,0.5,0.5,0.00033442854278745073,0.0,0.0,0.0,0,0.0,0.0,0.0,0.01242448298021185,0.0,0.0,0.00033442854278745073,0.00033442854278745073
2025-05-05T04:00:00Z,0.0028343661948861004,-0.0012766304070347002,0.5,0.5,0.0007788678939257001,0.0,0.0,0.0,0,0.0,0.0,0.0,0.0020554983009604,0.0,0.0,0.0007788678939257001,0.0007788678939257001
2025-05-06T04:00:00Z,0.005785058808604599,0.0001225144156359,0.5,0.5,0.0029537866121202494,0.0,0.0,0.0,0,0.0,0.0,0.0,0.0029537866121202494,0.0,0.0,0.0029537866121202494,0.0029537866121202494
2025-05-07T04:00:00Z,-0.0041946041185374,-0.0057025200541066,0.5,0.5,-0.004948562086322,0.0,0.0,0.0,0,0.0,0.0,0.0,0.004948562086322,0.0,0.0,-0.004948562086322,-0.004948562086322
2025-05-08T04:00:00Z,-0.0044580067852577,-0.006166902957788302,0.5,0.5,-0.005312454871523001,0.0,0.0,0.0,0,0.0,0.0,0.0,0.005312454871523001,0.0,0.0,-0.005312454871523001,-0.005312454871523001
2025-05-09T04:00:00Z,-0.0016747374080949998,0.0029744330240729995,0.5,0.5,0.0006498478079889999,0.0,0.0,0.0,0,0.0,0.0,0.0,0.0023245852160839998,0.0,0.0,0.0006498478079889999,0.0006498478079889999
2025-05-12T04:00:00Z,-0.017587337111457504,-0.023581993919313503,0.5,0.5,-0.020584665515385504,0.0,0.0,0.0,0,0.0,0.0,0.0,0.020584665515385504,0.0,0.0,-0.020584665515385504,-0.020584665515385504
2025-05-13T04:00:00Z,-0.009868941918512501,0.006979381150442201,0.5,0.5,-0.0014447803840351501,0.0,0.0,0.0,0,0.0,0.0,0.0,0.00842416153447735,0.0,0.0,-0.0014447803840351501,-0.0014447803840351501
2025-05-14T04:00:00Z,-0.0035154781122956,0.0034144289684036005,0.5,0.5,-5.052457194599982e-05,0.0,0.0,0.0,0,0.0,0.0,0.0,0.0034649535403496004,0.0,0.0,-5.052457194599982e-05,-5.052457194599982e-05
2025-05-15T04:00:00Z,-0.0006996091933656,-0.0030204559684066995,0.5,0.5,-0.0018600325808861497,0.0,0.0,0.0,0,0.0,0.0,0.0,0.0018600325808861497,0.0,0.0,-0.0018600325808861497,-0.0018600325808861497
2025-05-16T04:00:00Z,-0.0013082891071523003,-0.0023802508875137,0.5,0.5,-0.0018442699973330002,0.0,0.0,0.0,0,0.0,0.0,0.0,0.0018442699973330002,0.0,0.0,-0.0018442699973330002,-0.0018442699973330002
2025-05-19T04:00:00Z,0.0030791598812441,-0.0039002979941087004,0.5,0.5,-0.0004105690564323002,0.0,0.0,0.0,0,0.0,0.0,0.0,0.0034897289376764,0.0,0.0,-0.0004105690564323002,-0.0004105690564323002
2025-05-20T04:00:00Z,0.0025875576623644,-0.0001335331661103,0.5,0.5,0.0012270122481270501,0.0,0.0,0.0,0,0.0,0.0,0.0,0.00136054541423735,0.0,0.0,0.0012270122481270501,0.0012270122481270501
2025-05-21T04:00:00Z,0.009355075482322702,0.009026025328459801,0.5,0.5,0.00919055040539125,0.0,0.0,0.0,0,0.0,0.0,0.0,0.00919055040539125,0.0,0.0,0.00919055040539125,0.00919055040539125
2025-05-22T04:00:00Z,-0.0004656151562861999,-0.0021512956732259,0.5,0.5,-0.00130845541475605,0.0,0.0,0.0,0,0.0,0.0,0.0,0.00130845541475605,0.0,0.0,-0.00130845541475605,-0.00130845541475605
2025-05-23T04:00:00Z,0.0008163097491762,0.005710897802224799,0.5,0.5,0.0032636037757004994,0.0,0.0,0.0,0,0.0,0.0,0.0,0.0032636037757004994,0.0,0.0,0.0032636037757004994,0.0032636037757004994
2025-05-27T04:00:00Z,0.0009972041020154,-0.017843335338670104,0.5,0.5,-0.008423065618327352,0.0,0.0,0.0,0,0.0,0.0,0.0,0.009420269720342753,0.0,0.0,-0.008423065618327352,-0.008423065618327352
2025-05-28T04:00:00Z,0.0007359901560846001,0.002812226285676501,0.5,0.5,0.0017741082208805503,0.0,0.0,0.0,0,0.0,0.0,0.0,0.0017741082208805503,0.0,0.0,0.0017741082208805503,0.0017741082208805503
2025-05-29T04:00:00Z,0.0005638596066077999,-0.0020520870331029,0.5,0.5,-0.00074411371324755,0.0,0.0,0.0,0,0.0,0.0,0.0,0.00130797331985535,0.0,0.0,-0.00074411371324755,-0.00074411371324755
2025-05-30T04:00:00Z,0.0006102048117715,-5.295509758462159e-05,0.5,0.5,0.0002786248570934392,0.0,0.0,0.0,0,0.0,0.0,0.0,0.0003315799546780608,0.0,0.0,0.0002786248570934392,0.0002786248570934392
2025-06-02T04:00:00Z,-0.00047813743803079995,-0.0008601527312292,0.5,0.5,-0.00066914508463,0.0,0.0,0.0,0,0.0,0.0,0.0,0.00066914508463,0.0,0.0,-0.00066914508463,-0.00066914508463
2025-06-03T04:00:00Z,0.0002360152552095,0.0016360635024119,0.5,0.5,0.0009360393788107,0.0,0.0,0.0,0,0.0,0.0,0.0,0.0009360393788107,0.0,0.0,0.0009360393788107,0.0009360393788107
2025-06-04T04:00:00Z,-0.0020050805346527,-0.0007270524736818,0.5,0.5,-0.00136606650416725,0.0,0.0,0.0,0,0.0,0.0,0.0,0.00136606650416725,0.0,0.0,-0.00136606650416725,-0.00136606650416725
2025-06-05T04:00:00Z,0.0016735646872658003,-0.0011883847171093,0.5,0.5,0.00024258998507825018,0.0,0.0,0.0,0,0.0,0.0,0.0,0.00143097470218755,0.0,0.0,0.00024258998507825018,0.00024258998507825018
2025-06-06T04:00:00Z,0.0011241122691593999,-0.0058337624747647,0.5,0.5,-0.00235482510280265,0.0,0.0,0.0,0,0.0,0.0,0.0,0.00347893737196205,0.0,0.0,-0.00235482510280265,-0.00235482510280265
2025-06-09T04:00:00Z,-0.0010141920794208001,0.0006443098597812999,0.5,0.5,-0.00018494110981975013,0.0,0.0,0.0,0,0.0,0.0,0.0,0.00082925096960105,0.0,0.0,-0.00018494110981975013,-0.00018494110981975013
2025-06-10T04:00:00Z,-0.0018567527016132997,0.0049430481072639,0.5,0.5,0.0015431477028253003,0.0,0.0,0.0,0,0.0,0.0,0.0,0.0033999004044385998,0.0,0.0,0.0015431477028253003,0.0015431477028253003
2025-06-11T04:00:00Z,0.0010579511640078,0.0003925666673335001,0.5,0.5,0.0007252589156706501,0.0,0.0,0.0,0,0.0,0.0,0.0,0.0007252589156706501,0.0,0.0,0.0007252589156706501,0.0007252589156706501
2025-06-12T04:00:00Z,-0.0017980750127906,0.004244112937238801,0.5,0.5,0.0012230189622241005,0.0,0.0,0.0,0,0.0,0.0,0.0,0.0030210939750147004,0.0,0.0,0.0012230189622241005,0.0012230189622241005
2025-06-13T04:00:00Z,0.0042149936919017,-0.0016194809486089002,0.5,0.5,0.0012977563716464,0.0,0.0,0.0,0,0.0,0.0,0.0,0.0029172373202553,0.0,0.0,0.0012977563716464,0.0012977563716464
2025-06-16T04:00:00Z,0.0023196424219680996,-0.0075817569082719,0.5,0.5,-0.0026310572431519,0.0,0.0,0.0,0,0.0,0.0,0.0,0.00495069966512,0.0,0.0,-0.0026310572431519,-0.0026310572431519
2025-06-17T04:00:00Z,0.0002503624155983,-0.00021694402056430002,0.5,0.5,1.670919751699998e-05,0.0,0.0,0.0,0,0.0,0.0,0.0,0.0002336532180813,0.0,0.0,1.670919751699998e-05,1.670919751699998e-05
2025-06-18T04:00:00Z,-0.0016105871851760996,0.00045647625133320006,0.5,0.5,-0.0005770554669214498,0.0,0.0,0.0,0,0.0,0.0,0.0,0.0010335317182546498,0.0,0.0,-0.0005770554669214498,-0.0005770554669214498
2025-06-20T04:00:00Z,0.0009026082167869999,0.0013600290295873003,0.5,0.5,0.00113131862318715,0.0,0.0,0.0,0,0.0,0.0,0.0,0.00113131862318715,0.0,0.0,0.00113131862318715,0.00113131862318715
2025-06-23T04:00:00Z,0.004220734166014,-0.0033689220739918997,0.5,0.5,0.00042590604601105,0.0,0.0,0.0,0,0.0,0.0,0.0,0.0037948281200029495,0.0,0.0,0.00042590604601105,0.00042590604601105
2025-06-24T04:00:00Z,-0.002818985186014,0.0026916914231716006,0.5,0.5,-6.36468814211998e-05,0.0,0.0,0.0,0,0.0,0.0,0.0,0.0027553383045928,0.0,0.0,-6.36468814211998e-05,-6.36468814211998e-05
2025-06-25T04:00:00Z,-0.0018038429139199,0.0015634772769581,0.5,0.5,-0.00012018281848089995,0.0,0.0,0.0,0,0.0,0.0,0.0,0.001683660095439,0.0,0.0,-0.00012018281848089995,-0.00012018281848089995
2025-06-26T04:00:00Z,-0.0042250134281023,0.0008231528159007999,0.5,0.5,-0.00170093030610075,0.0,0.0,0.0,0,0.0,0.0,0.0,0.00252408312200155,0.0,0.0,-0.00170093030610075,-0.00170093030610075
2025-06-27T04:00:00Z,0.00040399019224819996,0.006699578892916299,0.5,0.5,0.0035517845425822496,0.0,0.0,0.0,0,0.0,0.0,0.0,0.0035517845425822496,0.0,0.0,0.0035517845425822496,0.0035517845425822496
2025-06-30T04:00:00Z,-0.0010479757993599,0.0015279262436135002,0.5,0.5,0.00023997522212680015,0.0,0.0,0.0,0,0.0,0.0,0.0,0.0012879510214867,0.0,0.0,0.00023997522212680015,0.00023997522212680015
2025-07-01T04:00:00Z,1.7211850658394038e-06,0.0034684091391100997,0.5,0.5,0.0017350651620879696,0.0,0.0,0.0,0,0.0,0.0,0.0,0.0017350651620879696,0.0,0.0,0.0017350651620879696,0.0017350651620879696
2025-07-02T04:00:00Z,-0.0008604085405773,0.0007494441018226,0.5,0.5,-5.5482219377350035e-05,0.0,0.0,0.0,0,0.0,0.0,0.0,0.00080492632119995,0.0,0.0,-5.5482219377350035e-05,-5.5482219377350035e-05
2025-07-03T04:00:00Z,-0.0026645498432865994,0.0019918419411120995,0.5,0.5,-0.00033635395108724993,0.0,0.0,0.0,0,0.0,0.0,0.0,0.0023281958921993495,0.0,0.0,-0.00033635395108724993,-0.00033635395108724993
2025-07-07T04:00:00Z,0.0047899609771979,-0.0024761255479419995,0.5,0.5,0.0011569177146279503,0.0,0.0,0.0,0,0.0,0.0,0.0,0.00363304326256995,0.0,0.0,0.0011569177146279503,0.0011569177146279503
2025-07-08T04:00:00Z,0.0044069044681440996,-0.0006801427350571999,0.5,0.5,0.0018633808665434498,0.0,0.0,0.0,0,0.0,0.0,0.0,0.0025435236016006497,0.0,0.0,0.0018633808665434498,0.0018633808665434498
2025-07-09T04:00:00Z,-0.0017135722321539,-0.0013169710419262,0.5,0.5,-0.00151527163704005,0.0,0.0,0.0,0,0.0,0.0,0.0,0.00151527163704005,0.0,0.0,-0.00151527163704005,-0.00151527163704005
2025-07-10T04:00:00Z,-0.0010720825777719,-0.0024772999996141997,0.5,0.5,-0.0017746912886930498,0.0,0.0,0.0,0,0.0,0.0,0.0,0.0017746912886930498,0.0,0.0,-0.0017746912886930498,-0.0017746912886930498
2025-07-11T04:00:00Z,0.0013664140105349,0.0012374850093921,0.5,0.5,0.0013019495099635,0.0,0.0,0.0,0,0.0,0.0,0.0,0.0013019495099635,0.0,0.0,0.0013019495099635,0.0013019495099635
2025-07-14T04:00:00Z,0.0014033485609095,-0.003440883638159599,0.5,0.5,-0.0010187675386250494,0.0,0.0,0.0,0,0.0,0.0,0.0,0.0024221160995345496,0.0,0.0,-0.0010187675386250494,-0.0010187675386250494
2025-07-15T04:00:00Z,0.00022209287814919996,-0.0007047862776120999,0.5,0.5,-0.00024134669973144995,0.0,0.0,0.0,0,0.0,0.0,0.0,0.0004634395778806499,0.0,0.0,-0.00024134669973144995,-0.00024134669973144995
2025-07-16T04:00:00Z,-0.0012722584107467,1.4006061576576914e-05,0.5,0.5,-0.0006291261745850615,0.0,0.0,0.0,0,0.0,0.0,0.0,0.0006431322361616385,0.0,0.0,-0.0006291261745850615,-0.0006291261745850615
2025-07-17T04:00:00Z,-0.0022084976914236,-0.0068165868099338,0.5,0.5,-0.0045125422506787,0.0,0.0,0.0,0,0.0,0.0,0.0,0.0045125422506787,0.0,0.0,-0.0045125422506787,-0.0045125422506787
2025-07-18T04:00:00Z,0.0014722369283436,0.000948289305655,0.5,0.5,0.0012102631169993,0.0,0.0,0.0,0,0.0,0.0,0.0,0.0012102631169993,0.0,0.0,0.0012102631169993,0.0012102631169993
2025-07-21T04:00:00Z,0.0001352761911596,0.0006168639905859001,0.5,0.5,0.0003760700908727501,0.0,0.0,0.0,0,0.0,0.0,0.0,0.0003760700908727501,0.0,0.0,0.0003760700908727501,0.0003760700908727501
2025-07-22T04:00:00Z,0.0029400332525761,-0.0064927647857005,0.5,0.5,-0.0017763657665622,0.0,0.0,0.0,0,0.0,0.0,0.0,0.0047163990191383,0.0,0.0,-0.0017763657665622,-0.0017763657665622
2025-07-23T04:00:00Z,-0.0012715631003583,-0.005084388715694,0.5,0.5,-0.0031779759080261503,0.0,0.0,0.0,0,0.0,0.0,0.0,0.0031779759080261503,0.0,0.0,-0.0031779759080261503,-0.0031779759080261503
2025-07-24T04:00:00Z,-0.000191019962841,-0.005680028916968299,0.5,0.5,-0.0029355244399046497,0.0,0.0,0.0,0,0.0,0.0,0.0,0.0029355244399046497,0.0,0.0,-0.0029355244399046497,-0.0029355244399046497
2025-07-25T04:00:00Z,-0.0018267163163841998,5.9749643697317725e-05,0.5,0.5,-0.0008834833363434411,0.0,0.0,0.0,0,0.0,0.0,0.0,0.0009432329800407587,0.0,0.0,-0.0008834833363434411,-0.0008834833363434411
2025-07-28T04:00:00Z,-0.0012774813019821,-0.0015552966219898002,0.5,0.5,-0.00141638896198595,0.0,0.0,0.0,0,0.0,0.0,0.0,0.00141638896198595,0.0,0.0,-0.00141638896198595,-0.00141638896198595
2025-07-29T04:00:00Z,0.0020087953664661,-0.005895858937226,0.5,0.5,-0.0019435317853799502,0.0,0.0,0.0,0,0.0,0.0,0.0,0.00395232715184605,0.0,0.0,-0.0019435317853799502,-0.0019435317853799502
2025-07-30T04:00:00Z,-0.0010100281218689,-0.0005887722935540999,0.5,0.5,-0.0007994002077114999,0.0,0.0,0.0,0,0.0,0.0,0.0,0.0007994002077114999,0.0,0.0,-0.0007994002077114999,-0.0007994002077114999
2025-07-31T04:00:00Z,-0.0008755025440086001,0.0047725031755542,0.5,0.5,0.0019485003157727998,0.0,0.0,0.0,0,0.0,0.0,0.0,0.0028240028597813997,0.0,0.0,0.0019485003157727998,0.0019485003157727998
2025-08-01T04:00:00Z,0.0018459792491303997,0.0030953576251064995,0.5,0.5,0.0024706684371184496,0.0,0.0,0.0,0,0.0,0.0,0.0,0.0024706684371184496,0.0,0.0,0.0024706684371184496,0.0024706684371184496
2025-08-04T04:00:00Z,0.0009900937139590003,-0.0074027126600409,0.5,0.5,-0.00320630947304095,0.0,0.0,0.0,0,0.0,0.0,0.0,0.00419640318699995,0.0,0.0,-0.00320630947304095,-0.00320630947304095
2025-08-05T04:00:00Z,0.005406137947600499,-0.0033492554393741996,0.5,0.5,0.0010284412541131497,0.0,0.0,0.0,0,0.0,0.0,0.0,0.0043776966934873495,0.0,0.0,0.0010284412541131497,0.0010284412541131497
2025-08-06T04:00:00Z,0.0021024455637301998,-0.0027697448650224,0.5,0.5,-0.00033364965064610003,0.0,0.0,0.0,0,0.0,0.0,0.0,0.0024360952143763,0.0,0.0,-0.00033364965064610003,-0.00033364965064610003
2025-08-07T04:00:00Z,-0.0040756636055782995,0.0019992346642669,0.5,0.5,-0.0010382144706556997,0.0,0.0,0.0,0,0.0,0.0,0.0,0.0030374491349226,0.0,0.0,-0.0010382144706556997,-0.0010382144706556997
2025-08-08T04:00:00Z,-0.0015440218920187002,-0.0001418714687441,0.5,0.5,-0.0008429466803814001,0.0,0.0,0.0,0,0.0,0.0,0.0,0.0008429466803814001,0.0,0.0,-0.0008429466803814001,-0.0008429466803814001
2025-08-11T04:00:00Z,-0.0014073601807068003,4.002810177291538e-05,0.5,0.5,-0.0006836660394669425,0.0,0.0,0.0,0,0.0,0.0,0.0,0.0007236941412398578,0.0,0.0,-0.0006836660394669425,-0.0006836660394669425
2025-08-12T04:00:00Z,-0.0014602111486388,0.0034496410971993994,0.5,0.5,0.0009947149742802997,0.0,0.0,0.0,0,0.0,0.0,0.0,0.0024549261229191,0.0,0.0,0.0009947149742802997,0.0009947149742802997
2025-08-13T04:00:00Z,0.004210043028939701,-0.0027808027358542996,0.5,0.5,0.0007146201465427005,0.0,0.0,0.0,0,0.0,0.0,0.0,0.003495422882397,0.0,0.0,0.0007146201465427005,0.0007146201465427005
2025-08-14T04:00:00Z,0.0015019856516231,-0.0012765782044722002,0.5,0.5,0.0001127037235754499,0.0,0.0,0.0,0,0.0,0.0,0.0,0.00138928192804765,0.0,0.0,0.0001127037235754499,0.0001127037235754499
2025-08-15T04:00:00Z,0.0013952408152951997,-1.6227877065957407e-05,0.5,0.5,0.0006895064691146212,0.0,0.0,0.0,0,0.0,0.0,0.0,0.0007057343461805785,0.0,0.0,0.0006895064691146212,0.0006895064691146212
2025-08-18T04:00:00Z,0.0022731763552687,-0.0006919512041137,0.5,0.5,0.0007906125755774999,0.0,0.0,0.0,0,0.0,0.0,0.0,0.0014825637796912,0.0,0.0,0.0007906125755774999,0.0007906125755774999
2025-08-19T04:00:00Z,-0.0015552563614308005,0.0049349686634477,0.5,0.5,0.0016898561510084497,0.0,0.0,0.0,0,0.0,0.0,0.0,0.0032451125124392504,0.0,0.0,0.0016898561510084497,0.0016898561510084497
2025-08-20T04:00:00Z,0.0023512425851922,-0.000261858810869,0.5,0.5,0.0010446918871616002,0.0,0.0,0.0,0,0.0,0.0,0.0,0.0013065506980306,0.0,0.0,0.0010446918871616002,0.0010446918871616002
2025-08-21T04:00:00Z,-0.0009521134550442999,0.003035040993620801,0.5,0.5,0.0010414637692882506,0.0,0.0,0.0,0,0.0,0.0,0.0,0.00199357722433255,0.0,0.0,0.0010414637692882506,0.0010414637692882506
2025-08-22T04:00:00Z,-0.0003850617962622001,-0.004185282550333701,0.5,0.5,-0.0022851721732979505,0.0,0.0,0.0,0,0.0,0.0,0.0,0.0022851721732979505,0.0,0.0,-0.0022851721732979505,-0.0022851721732979505
2025-08-25T04:00:00Z,0.0007559109251273,0.0008247013287011,0.5,0.5,0.0007903061269142,0.0,0.0,0.0,0,0.0,0.0,0.0,0.0007903061269142,0.0,0.0,0.0007903061269142,0.0007903061269142
2025-08-26T04:00:00Z,0.0016246750050863995,0.0012283911590307997,0.5,0.5,0.0014265330820585997,0.0,0.0,0.0,0,0.0,0.0,0.0,0.0014265330820585997,0.0,0.0,0.0014265330820585997,0.0014265330820585997
2025-08-27T04:00:00Z,-0.0001487751033402,0.000498672168761,0.5,0.5,0.0001749485327104,0.0,0.0,0.0,0,0.0,0.0,0.0,0.0003237236360506,0.0,0.0,0.0001749485327104,0.0001749485327104
2025-08-28T04:00:00Z,-0.000708879892361,0.0030495446095976995,0.5,0.5,0.0011703323586183497,0.0,0.0,0.0,0,0.0,0.0,0.0,0.0018792122509793498,0.0,0.0,0.0011703323586183497,0.0011703323586183497
2025-08-29T04:00:00Z,0.0026421879716430996,-0.007912749140810098,0.5,0.5,-0.002635280584583499,0.0,0.0,0.0,0,0.0,0.0,0.0,0.005277468556226599,0.0,0.0,-0.002635280584583499,-0.002635280584583499
2025-09-02T04:00:00Z,0.00024881729868649993,0.0031178562461613994,0.5,0.5,0.0016833367724239496,0.0,0.0,0.0,0,0.0,0.0,0.0,0.0016833367724239496,0.0,0.0,0.0016833367724239496,0.0016833367724239496
2025-09-03T04:00:00Z,0.0011240020998844,-0.0018533050915008002,0.5,0.5,-0.00036465149580820007,0.0,0.0,0.0,0,0.0,0.0,0.0,0.0014886535956926002,0.0,0.0,-0.00036465149580820007,-0.00036465149580820007
2025-09-04T04:00:00Z,-0.00039820565947270003,-0.0046491672952089,0.5,0.5,-0.0025236864773408,0.0,0.0,0.0,0,0.0,0.0,0.0,0.0025236864773408,0.0,0.0,-0.0025236864773408,-0.0025236864773408
2025-09-05T04:00:00Z,0.0019337971529709002,0.004222210315442201,0.5,0.5,0.0030780037342065503,0.0,0.0,0.0,0,0.0,0.0,0.0,0.0030780037342065503,0.0,0.0,0.0030780037342065503,0.0030780037342065503
2025-09-08T04:00:00Z,-0.001763070736438,-0.0005224439450051,0.5,0.5,-0.00114275734072155,0.0,0.0,0.0,0,0.0,0.0,0.0,0.00114275734072155,0.0,0.0,-0.00114275734072155,-0.00114275734072155
2025-09-09T04:00:00Z,-0.0006910610064103999,-0.004224844689141801,0.5,0.5,-0.0024579528477761004,0.0,0.0,0.0,0,0.0,0.0,0.0,0.0024579528477761004,0.0,0.0,-0.0024579528477761004,-0.0024579528477761004
2025-09-10T04:00:00Z,0.0006925904578848,0.006573739797920499,0.5,0.5,0.0036331651279026497,0.0,0.0,0.0,0,0.0,0.0,0.0,0.0036331651279026497,0.0,0.0,0.0036331651279026497,0.0036331651279026497
2025-09-11T04:00:00Z,0.0033639525166958,-0.0025274573679940006,0.5,0.5,0.0004182475743508998,0.0,0.0,0.0,0,0.0,0.0,0.0,0.0029457049423449004,0.0,0.0,0.0004182475743508998,0.0004182475743508998
2025-09-12T04:00:00Z,-0.0017594816738993003,0.0012577022137409003,0.5,0.5,-0.0002508897300792,0.0,0.0,0.0,0,0.0,0.0,0.0,0.0015085919438201003,0.0,0.0,-0.0002508897300792,-0.0002508897300792
2025-09-15T04:00:00Z,-0.0043960212382303,0.0007705642673331,0.5,0.5,-0.0018127284854486,0.0,0.0,0.0,0,0.0,0.0,0.0,0.0025832927527817,0.0,0.0,-0.0018127284854486,-0.0018127284854486
2025-09-16T04:00:00Z,0.00041634791824460006,0.0016715726339326,0.5,0.5,0.0010439602760886001,0.0,0.0,0.0,0,0.0,0.0,0.0,0.0010439602760886001,0.0,0.0,0.0010439602760886001,0.0010439602760886001
2025-09-17T04:00:00Z,0.0020777734415398995,-0.0030971248850202,0.5,0.5,-0.0005096757217401503,0.0,0.0,0.0,0,0.0,0.0,0.0,0.0025874491632800495,0.0,0.0,-0.0005096757217401503,-0.0005096757217401503
2025-09-18T04:00:00Z,-0.0011246839558305998,0.0041044039029077,0.5,0.5,0.0014898599735385502,0.0,0.0,0.0,0,0.0,0.0,0.0,0.00261454392936915,0.0,0.0,0.0014898599735385502,0.0014898599735385502
2025-09-19T04:00:00Z,-0.0016299130415275997,0.0011047261789915999,0.5,0.5,-0.0002625934312679999,0.0,0.0,0.0,0,0.0,0.0,0.0,0.0013673196102595999,0.0,0.0,-0.0002625934312679999,-0.0002625934312679999
2025-09-22T04:00:00Z,-0.0032567955521080995,5.564979159918826e-05,0.5,0.5,-0.0016005728802544557,0.0,0.0,0.0,0,0.0,0.0,0.0,0.0016562226718536438,0.0,0.0,-0.0016005728802544557,-0.0016005728802544557
2025-09-23T04:00:00Z,0.0034060156924470004,0.0015192508274351002,0.5,0.5,0.00246263325994105,0.0,0.0,0.0,0,0.0,0.0,0.0,0.00246263325994105,0.0,0.0,0.00246263325994105,0.00246263325994105
2025-09-24T04:00:00Z,0.0013030266781589,-0.002800409326015,0.5,0.5,-0.00074869132392805,0.0,0.0,0.0,0,0.0,0.0,0.0,0.00205171800208695,0.0,0.0,-0.00074869132392805,-0.00074869132392805
2025-09-25T04:00:00Z,-0.0036321700938596003,0.005641535510167701,0.5,0.5,0.0010046827081540504,0.0,0.0,0.0,0,0.0,0.0,0.0,0.00463685280201365,0.0,0.0,0.0010046827081540504,0.0010046827081540504
2025-09-26T04:00:00Z,-0.0009228371265720001,0.0017100313747876001,0.5,0.5,0.0003935971241078,0.0,0.0,0.0,0,0.0,0.0,0.0,0.0013164342506798,0.0,0.0,0.0003935971241078,0.0003935971241078
2025-09-29T04:00:00Z,0.0022499537234267,-0.0033094810800118,0.5,0.5,-0.0005297636782925501,0.0,0.0,0.0,0,0.0,0.0,0.0,0.00277971740171925,0.0,0.0,-0.0005297636782925501,-0.0005297636782925501
2025-09-30T04:00:00Z,0.0013486411517470002,-0.0026617380239488003,0.5,0.5,-0.0006565484361009,0.0,0.0,0.0,0,0.0,0.0,0.0,0.0020051895878479002,0.0,0.0,-0.0006565484361009,-0.0006565484361009
2025-10-01T04:00:00Z,-0.006710924331682598,0.010210599102901,0.5,0.5,0.0017498373856092006,0.0,0.0,0.0,0,0.0,0.0,0.0,0.0084607617172918,0.0,0.0,0.0017498373856092006,0.0017498373856092006
2025-10-02T04:00:00Z,0.0014904164099494002,0.0006906149597232002,0.5,0.5,0.0010905156848363003,0.0,0.0,0.0,0,0.0,0.0,0.0,0.0010905156848363003,0.0,0.0,0.0010905156848363003,0.0010905156848363003
2025-10-03T04:00:00Z,-0.0003953001858633001,-0.0006117701182225999,0.5,0.5,-0.00050353515204295,0.0,0.0,0.0,0,0.0,0.0,0.0,0.00050353515204295,0.0,0.0,-0.00050353515204295,-0.00050353515204295
2025-10-06T04:00:00Z,-0.003189031809565,1.2796635704697134e-05,0.5,0.5,-0.0015881175869301514,0.0,0.0,0.0,0,0.0,0.0,0.0,0.0016009142226348484,0.0,0.0,-0.0015881175869301514,-0.0015881175869301514
2025-10-07T04:00:00Z,-0.0005052566017797,0.0029516168660009,0.5,0.5,0.0012231801321106002,0.0,0.0,0.0,0,0.0,0.0,0.0,0.0017284367338903,0.0,0.0,0.0012231801321106002,0.0012231801321106002
2025-10-08T04:00:00Z,-0.004040771496244499,0.0032439505137198997,0.5,0.5,-0.0003984104912622996,0.0,0.0,0.0,0,0.0,0.0,0.0,0.0036423610049821993,0.0,0.0,-0.0003984104912622996,-0.0003984104912622996
2025-10-09T04:00:00Z,0.0018952828126771004,0.0006455116367762999,0.5,0.5,0.0012703972247267,0.0,0.0,0.0,0,0.0,0.0,0.0,0.0012703972247267,0.0,0.0,0.0012703972247267,0.0012703972247267
2025-10-10T04:00:00Z,-0.0008046294204116001,0.0037070535255766,0.5,0.5,0.0014512120525824999,0.0,0.0,0.0,0,0.0,0.0,0.0,0.0022558414729941002,0.0,0.0,0.0014512120525824999,0.0014512120525824999
2025-10-13T04:00:00Z,0.011737261931661499,-0.011447186068927102,0.5,0.5,0.0001450379313671984,0.0,0.0,0.0,0,0.0,0.0,0.0,0.011592224000294301,0.0,0.0,0.0001450379313671984,0.0001450379313671984
2025-10-14T04:00:00Z,0.0044734328053584,-0.005603697706247099,0.5,0.5,-0.0005651324504443497,0.0,0.0,0.0,0,0.0,0.0,0.0,0.00503856525580275,0.0,0.0,-0.0005651324504443497,-0.0005651324504443497
2025-10-15T04:00:00Z,-0.0021413131989277,-0.0024449437047518,0.5,0.5,-0.00229312845183975,0.0,0.0,0.0,0,0.0,0.0,0.0,0.00229312845183975,0.0,0.0,-0.00229312845183975,-0.00229312845183975
2025-10-16T04:00:00Z,0.0017537622512428,0.0007806157070310001,0.5,0.5,0.0012671889791369,0.0,0.0,0.0,0,0.0,0.0,0.0,0.0012671889791369,0.0,0.0,0.0012671889791369,0.0012671889791369
2025-10-17T04:00:00Z,0.0033706853832841006,-0.0039807810043105,0.5,0.5,-0.00030504781051319966,0.0,0.0,0.0,0,0.0,0.0,0.0,0.0036757331937973003,0.0,0.0,-0.00030504781051319966,-0.00030504781051319966
2025-10-20T04:00:00Z,0.0019817351636058,0.0021646538359048,0.5,0.5,0.0020731944997553,0.0,0.0,0.0,0,0.0,0.0,0.0,0.0020731944997553,0.0,0.0,0.0020731944997553,0.0020731944997553
2025-10-21T04:00:00Z,0.00016300728999170004,0.004351762030192301,0.5,0.5,0.0022573846600920005,0.0,0.0,0.0,0,0.0,0.0,0.0,0.0022573846600920005,0.0,0.0,0.0022573846600920005,0.0022573846600920005
2025-10-22T04:00:00Z,0.004270226083573699,-0.0007125331046016,0.5,0.5,0.0017788464894860497,0.0,0.0,0.0,0,0.0,0.0,0.0,0.00249137959408765,0.0,0.0,0.0017788464894860497,0.0017788464894860497
2025-10-23T04:00:00Z,0.0011401035304672,-0.00019916645469559996,0.5,0.5,0.00047046853788580006,0.0,0.0,0.0,0,0.0,0.0,0.0,0.0006696349925814,0.0,0.0,0.00047046853788580006,0.00047046853788580006
2025-10-24T04:00:00Z,0.0020490390542380003,-0.000641148031107,0.5,0.5,0.0007039455115655001,0.0,0.0,0.0,0,0.0,0.0,0.0,0.0013450935426725001,0.0,0.0,0.0007039455115655001,0.0007039455115655001
2025-10-27T04:00:00Z,-0.006627250174018,0.005604029186817699,0.5,0.5,-0.0005116104936001504,0.0,0.0,0.0,0,0.0,0.0,0.0,0.00611563968041785,0.0,0.0,-0.0005116104936001504,-0.0005116104936001504
2025-10-28T04:00:00Z,-0.0015086255443844997,0.0029277476534208,0.5,0.5,0.0007095610545181502,0.0,0.0,0.0,0,0.0,0.0,0.0,0.00221818659890265,0.0,0.0,0.0007095610545181502,0.0007095610545181502
2025-10-29T04:00:00Z,0.0029878146389588005,-0.00035765125973799994,0.5,0.5,0.0013150816896104003,0.0,0.0,0.0,0,0.0,0.0,0.0,0.0016727329493484001,0.0,0.0,0.0013150816896104003,0.0013150816896104003
2025-10-30T04:00:00Z,0.005834482197238901,-0.006974838427100202,0.5,0.5,-0.0005701781149306507,0.0,0.0,0.0,0,0.0,0.0,0.0,0.006404660312169552,0.0,0.0,-0.0005701781149306507,-0.0005701781149306507
2025-10-31T04:00:00Z,0.0006414782887166999,0.0006541924971691,0.5,0.5,0.0006478353929428999,0.0,0.0,0.0,0,0.0,0.0,0.0,0.0006478353929428999,0.0,0.0,0.0006478353929428999,0.0006478353929428999
2025-11-03T05:00:00Z,-0.004175822091325499,0.0055856990813785,0.5,0.5,0.0007049384950265003,0.0,0.0,0.0,0,0.0,0.0,0.0,0.0048807605863519996,0.0,0.0,0.0007049384950265003,0.0007049384950265003
2025-11-04T05:00:00Z,0.0038371910863483,0.00030353908124210004,0.5,0.5,0.0020703650837951997,0.0,0.0,0.0,0,0.0,0.0,0.0,0.0020703650837951997,0.0,0.0,0.0020703650837951997,0.0020703650837951997
2025-11-05T05:00:00Z,0.0016140922123779001,-0.0022434579431100995,0.5,0.5,-0.0003146828653660997,0.0,0.0,0.0,0,0.0,0.0,0.0,0.0019287750777439998,0.0,0.0,-0.0003146828653660997,-0.0003146828653660997
2025-11-06T05:00:00Z,-0.0009599174764936,0.0029808565630865,0.5,0.5,0.00101046954329645,0.0,0.0,0.0,0,0.0,0.0,0.0,0.0019703870197900503,0.0,0.0,0.00101046954329645,0.00101046954329645
2025-11-07T05:00:00Z,0.0018884414836051002,-0.0035684789537636995,0.5,0.5,-0.0008400187350792996,0.0,0.0,0.0,0,0.0,0.0,0.0,0.0027284602186844,0.0,0.0,-0.0008400187350792996,-0.0008400187350792996
2025-11-10T05:00:00Z,9.890440853606683e-05,-0.006949658966582601,0.5,0.5,-0.0034253772790232674,0.0,0.0,0.0,0,0.0,0.0,0.0,0.003524281687559334,0.0,0.0,-0.0034253772790232674,-0.0034253772790232674
2025-11-11T05:00:00Z,0.0013407051904655001,0.0015791806756118001,0.5,0.5,0.0014599429330386501,0.0,0.0,0.0,0,0.0,0.0,0.0,0.0014599429330386501,0.0,0.0,0.0014599429330386501,0.0014599429330386501
2025-11-12T05:00:00Z,-0.0014896621080015,-0.0003874385871761,0.5,0.5,-0.0009385503475888,0.0,0.0,0.0,0,0.0,0.0,0.0,0.0009385503475888,0.0,0.0,-0.0009385503475888,-0.0009385503475888
2025-11-13T05:00:00Z,0.004554331308580701,0.0042680232688215,0.5,0.5,0.0044111772887011,0.0,0.0,0.0,0,0.0,0.0,0.0,0.0044111772887011,0.0,0.0,0.0044111772887011,0.0044111772887011
2025-11-14T05:00:00Z,-0.001329458854923,-0.0029449326746147997,0.5,0.5,-0.0021371957647689,0.0,0.0,0.0,0,0.0,0.0,0.0,0.0021371957647689,0.0,0.0,-0.0021371957647689,-0.0021371957647689
2025-11-17T05:00:00Z,-0.0022531697446006,-0.0162336769266986,0.5,0.5,-0.009243423335649599,0.0,0.0,0.0,0,0.0,0.0,0.0,0.009243423335649599,0.0,0.0,-0.009243423335649599,-0.009243423335649599
2025-11-18T05:00:00Z,-0.004802021001372399,0.0044069217162781,0.5,0.5,-0.0001975496425471496,0.0,0.0,0.0,0,0.0,0.0,0.0,0.00460447135882525,0.0,0.0,-0.0001975496425471496,-0.0001975496425471496
2025-11-19T05:00:00Z,0.0008910866099193,-0.0018471858155577003,0.5,0.5,-0.00047804960281920013,0.0,0.0,0.0,0,0.0,0.0,0.0,0.0013691362127385002,0.0,0.0,-0.00047804960281920013,-0.00047804960281920013
2025-11-20T05:00:00Z,-0.0088144379179559,0.0103382963740686,0.5,0.5,0.0007619292280563496,0.0,0.0,0.0,0,0.0,0.0,0.0,0.00957636714601225,0.0,0.0,0.0007619292280563496,0.0007619292280563496
2025-11-21T05:00:00Z,0.0038648124192279,-0.010103767901328999,0.5,0.5,-0.0031194777410505498,0.0,0.0,0.0,0,0.0,0.0,0.0,0.006984290160278449,0.0,0.0,-0.0031194777410505498,-0.0031194777410505498
2025-11-24T05:00:00Z,0.0073717894798567005,-0.0053758792710205,0.5,0.5,0.0009979551044181,0.0,0.0,0.0,0,0.0,0.0,0.0,0.0063738343754386004,0.0,0.0,0.0009979551044181,0.0009979551044181
2025-11-25T05:00:00Z,-0.0024103492207107006,0.0067589819436932996,0.5,0.5,0.0021743163614912995,0.0,0.0,0.0,0,0.0,0.0,0.0,0.004584665582202,0.0,0.0,0.0021743163614912995,0.0021743163614912995
2025-11-26T05:00:00Z,0.004456034774018001,0.0036249379355365,0.5,0.5,0.00404048635477725,0.0,0.0,0.0,0,0.0,0.0,0.0,0.00404048635477725,0.0,0.0,0.00404048635477725,0.00404048635477725
2025-11-28T05:00:00Z,6.184778195259976e-05,0.009669512043450602,0.5,0.5,0.004865679912701601,0.0,0.0,0.0,0,0.0,0.0,0.0,0.004865679912701601,0.0,0.0,0.004865679912701601,0.004865679912701601
2025-12-01T05:00:00Z,0.0048346440812215,-0.0043705603404421,0.5,0.5,0.0002320418703897001,0.0,0.0,0.0,0,0.0,0.0,0.0,0.0046026022108318,0.0,0.0,0.0002320418703897001,0.0002320418703897001
2025-12-02T05:00:00Z,-0.0011761762039844,0.0045001381374372,0.5,0.5,0.0016619809667264003,0.0,0.0,0.0,0,0.0,0.0,0.0,0.0028381571707108,0.0,0.0,0.0016619809667264003,0.0016619809667264003
2025-12-03T05:00:00Z,-0.0010131278710017,0.004228604078846,0.5,0.5,0.0016077381039221502,0.0,0.0,0.0,0,0.0,0.0,0.0,0.00262086597492385,0.0,0.0,0.0016077381039221502,0.0016077381039221502
2025-12-04T05:00:00Z,0.0012353098744192,0.0007832697956957,0.5,0.5,0.00100928983505745,0.0,0.0,0.0,0,0.0,0.0,0.0,0.00100928983505745,0.0,0.0,0.00100928983505745,0.00100928983505745
2025-12-05T05:00:00Z,-0.0019913674440518,0.0023646085705203994,0.5,0.5,0.00018662056323429967,0.0,0.0,0.0,0,0.0,0.0,0.0,0.0021779880072860997,0.0,0.0,0.00018662056323429967,0.00018662056323429967
2025-12-08T05:00:00Z,0.0028558849655214995,-6.570010672387605e-05,0.5,0.5,0.0013950924293988118,0.0,0.0,0.0,0,0.0,0.0,0.0,0.0014607925361226877,0.0,0.0,0.0013950924293988118,0.0013950924293988118
2025-12-09T05:00:00Z,-0.0010653290535713,0.00017413787471719997,0.5,0.5,-0.00044559558942705005,0.0,0.0,0.0,0,0.0,0.0,0.0,0.00061973346414425,0.0,0.0,-0.00044559558942705005,-0.00044559558942705005
2025-12-10T05:00:00Z,-0.0017827113024376,-0.0016039416986842001,0.5,0.5,-0.0016933265005609,0.0,0.0,0.0,0,0.0,0.0,0.0,0.0016933265005609,0.0,0.0,-0.0016933265005609,-0.0016933265005609
2025-12-11T05:00:00Z,-0.0004195139775981,-0.0039362372200946,0.5,0.5,-0.0021778755988463502,0.0,0.0,0.0,0,0.0,0.0,0.0,0.0021778755988463502,0.0,0.0,-0.0021778755988463502,-0.0021778755988463502
2025-12-12T05:00:00Z,0.0017079994373775,-0.0034640929677047,0.5,0.5,-0.0008780467651636,0.0,0.0,0.0,0,0.0,0.0,0.0,0.0025860462025411,0.0,0.0,-0.0008780467651636,-0.0008780467651636
2025-12-15T05:00:00Z,-0.0017722827061835997,0.0011567904722585998,0.5,0.5,-0.0003077461169624999,0.0,0.0,0.0,0,0.0,0.0,0.0,0.0014645365892210997,0.0,0.0,-0.0003077461169624999,-0.0003077461169624999
2025-12-16T05:00:00Z,0.005221971271468299,-0.005402288989243899,0.5,0.5,-9.01588588878002e-05,0.0,0.0,0.0,0,0.0,0.0,0.0,0.005312130130356099,0.0,0.0,-9.01588588878002e-05,-9.01588588878002e-05
2025-12-17T05:00:00Z,-0.0004503881578082,0.0019559969543781006,0.5,0.5,0.0007528043982849503,0.0,0.0,0.0,0,0.0,0.0,0.0,0.0012031925560931503,0.0,0.0,0.0007528043982849503,0.0007528043982849503
2025-12-18T05:00:00Z,0.0012763918733517997,0.0011459268667170003,0.5,0.5,0.0012111593700344,0.0,0.0,0.0,0,0.0,0.0,0.0,0.0012111593700344,0.0,0.0,0.0012111593700344,0.0012111593700344
2025-12-19T05:00:00Z,0.003878040203725599,-0.0027090595123401002,0.5,0.5,0.0005844903456927494,0.0,0.0,0.0,0,0.0,0.0,0.0,0.0032935498580328494,0.0,0.0,0.0005844903456927494,0.0005844903456927494
2025-12-22T05:00:00Z,-0.0019597710346542,-0.0018652397635995,0.5,0.5,-0.00191250539912685,0.0,0.0,0.0,0,0.0,0.0,0.0,0.00191250539912685,0.0,0.0,-0.00191250539912685,-0.00191250539912685
2025-12-23T05:00:00Z,6.738783359695244e-05,0.0030400624410859,0.5,0.5,0.0015537251373414262,0.0,0.0,0.0,0,0.0,0.0,0.0,0.0015537251373414262,0.0,0.0,0.0015537251373414262,0.0015537251373414262
2025-12-24T05:00:00Z,-0.00040466998783919995,-0.0018127721502305997,0.5,0.5,-0.0011087210690348998,0.0,0.0,0.0,0,0.0,0.0,0.0,0.0011087210690348998,0.0,0.0,-0.0011087210690348998,-0.0011087210690348998
2025-12-26T05:00:00Z,0.0017497363958275999,-0.0024668227486571996,0.5,0.5,-0.0003585431764147999,0.0,0.0,0.0,0,0.0,0.0,0.0,0.0021082795722423995,0.0,0.0,-0.0003585431764147999,-0.0003585431764147999
2025-12-29T05:00:00Z,0.0025473953391671,-0.0024800879808313993,0.5,0.5,3.365367916785024e-05,0.0,0.0,0.0,0,0.0,0.0,0.0,0.0025137416599992496,0.0,0.0,3.365367916785024e-05,3.365367916785024e-05
2025-12-30T05:00:00Z,9.49139542406452e-05,0.0001985297049614,0.5,0.5,0.00014672182960102258,0.0,0.0,0.0,0,0.0,0.0,0.0,0.00014672182960102258,0.0,0.0,0.00014672182960102258,0.00014672182960102258
2025-12-31T05:00:00Z,0.0005456828864595999,0.0014953013085328,0.5,0.5,0.0010204920974962,0.0,0.0,0.0,0,0.0,0.0,0.0,0.0010204920974962,0.0,0.0,0.0010204920974962,0.0010204920974962
